case,active,assigned_to,assignment_group,state,status,start,start_hour,start_minute,start_day_of_week,end,duration,duration_time
EHSD-CS0001358,FALSE,,,18,Awaiting Info,5/5/2026 10:35,,,,5/5/2026 10:59,1408,1408
EHSD-CS0001380,FALSE,,Contra Costa - Delegated Admin,1,New,5/5/2026 10:43,,,,5/5/2026 10:56,779,779
EHSD-CS0001380,FALSE,,Contra Costa - Delegated Admin,6,Resolved,5/5/2026 10:56,,,,5/20/2026 23:30,1341209,1341209
EHSD-CS0001358,FALSE,,,-5,Pending,5/5/2026 10:59,,,,5/7/2026 11:01,172918,172918
EHSD-CS0001372,FALSE,,T1 - Contra Costa - CalSAWS Help Desk,10,Open,5/5/2026 11:19,,,,5/5/2026 11:31,710,710
EHSD-CS0001372,FALSE,,T1 - Contra Costa - CalSAWS Help Desk,18,Awaiting Info,5/5/2026 11:31,,,,5/5/2026 13:22,6657,6657
EHSD-CS0001377,FALSE,,T1 - Contra Costa - CalSAWS Management Office,21,Dispatched,5/5/2026 12:34,,,,5/5/2026 12:34,38,38
EHSD-CS0001377,FALSE,,T1 - Contra Costa - CalSAWS Management Office,20,Diagnosed,5/5/2026 12:34,,,,5/7/2026 11:28,168820,168820
EHSD-CS0001372,FALSE,,T1 - Contra Costa - CalSAWS Help Desk,6,Resolved,5/5/2026 13:22,,,,5/20/2026 23:30,1332438,1332438
EHSD-CS0001384,FALSE,,T1 - Contra Costa - CalSAWS Help Desk,1,New,5/5/2026 13:33,,,,5/5/2026 13:58,1449,1449
EHSD-CS0001384,FALSE,,T1 - Contra Costa - CalSAWS Help Desk,1,New,5/5/2026 13:58,,,,5/5/2026 13:59,82,82
EHSD-CS0001384,FALSE,,T1 - Contra Costa - CalSAWS Help Desk,6,Resolved,5/5/2026 13:59,,,,5/20/2026 23:30,1330233,1330233
EHSD-CS0001388,FALSE,,T1 - Contra Costa - CalSAWS Help Desk,1,New,5/5/2026 14:46,,,,5/5/2026 15:03,1010,1010
EHSD-CS0001388,FALSE,,T1 - Contra Costa - CalSAWS Help Desk,1,New,5/5/2026 15:03,,,,5/6/2026 8:39,63322,63322
EHSD-CS0001347,TRUE,,T1 - Contra Costa - CalSAWS Help Desk,3,Closed,5/5/2026 23:30,,,,,,0
EHSD-CS0001346,TRUE,,T1 - Contra Costa - CalSAWS Help Desk,3,Closed,5/5/2026 23:30,,,,,,0
EHSD-CS0001388,TRUE,,T1 - Contra Costa - CalSAWS Help Desk,6,Resolved,5/6/2026 8:39,8,39,4,,,0
EHSD-CS0001389,FALSE,,T1 - Contra Costa - CalSAWS Help Desk,1,New,5/6/2026 8:48,8,48,4,5/6/2026 8:57,510,510
EHSD-CS0001389,FALSE,,T1 - Contra Costa - CalSAWS Help Desk,1,New,5/6/2026 8:57,8,57,4,5/6/2026 9:33,2148,2148
EHSD-CS0001389,FALSE,,T1 - Contra Costa - CalSAWS Help Desk,18,Awaiting Info,5/6/2026 9:33,9,33,4,5/6/2026 13:45,15150,15150
EHSD-CS0001390,FALSE,,T1 - Contra Costa - CalSAWS Help Desk,1,New,5/6/2026 9:33,9,33,4,5/6/2026 9:38,264,264
EHSD-CS0001390,FALSE,,Contra Costa - Delegated Admin,1,New,5/6/2026 9:38,9,38,4,5/6/2026 10:17,2375,2375
EHSD-CS0001391,FALSE,,T1 - Contra Costa - CalSAWS Help Desk,1,New,5/6/2026 9:53,9,53,4,5/6/2026 10:00,387,387
EHSD-CS0001391,FALSE,,T1 - Contra Costa - CalSAWS Help Desk,1,New,5/6/2026 10:00,9,0,4,5/6/2026 10:00,37,37
EHSD-CS0001391,FALSE,,Contra Costa - Delegated Admin,1,New,5/6/2026 10:00,10,0,4,5/6/2026 10:30,1810,1810
EHSD-CS0001390,TRUE,,Contra Costa - Delegated Admin,6,Resolved,5/6/2026 10:17,10,17,4,,,0
EHSD-CS0001391,TRUE,,Contra Costa - Delegated Admin,6,Resolved,5/6/2026 10:30,10,30,4,,,0
EHSD-CS0001389,TRUE,,T1 - Contra Costa - CalSAWS Help Desk,6,Resolved,5/6/2026 13:45,13,45,4,,,0
EHSD-CS0001392,FALSE,,T1 - Contra Costa - CalSAWS Help Desk,1,New,5/6/2026 16:07,16,7,4,5/6/2026 16:27,1204,1204
EHSD-CS0001392,FALSE,,T1 - Contra Costa - CalSAWS Help Desk,1,New,5/6/2026 16:27,16,27,4,5/6/2026 16:48,1286,1286
EHSD-CS0001393,FALSE,,T1 - Contra Costa - CalSAWS Help Desk,1,New,5/6/2026 16:34,16,34,4,5/6/2026 16:36,144,144
EHSD-CS0001393,FALSE,,T1 - Contra Costa - CalSAWS Help Desk,1,New,5/6/2026 16:36,16,36,4,5/7/2026 15:37,82873,82873
EHSD-CS0001394,FALSE,,T1 - Contra Costa - CalSAWS Help Desk,1,New,5/6/2026 16:37,16,37,4,5/6/2026 16:44,425,425
EHSD-CS0001394,TRUE,,T1 - Contra Costa - CalSAWS Management Office,1,New,5/6/2026 16:44,16,44,4,,,0
EHSD-CS0001392,TRUE,,T1 - Contra Costa - CalSAWS Help Desk,6,Resolved,5/6/2026 16:48,16,48,4,,,0
EHSD-CS0001395,FALSE,,T1 - Contra Costa - CalSAWS Help Desk,1,New,5/6/2026 19:12,19,12,4,5/7/2026 8:33,48093,48093
EHSD-CS0001396,FALSE,,T1 - Contra Costa - CalSAWS Help Desk,1,New,5/6/2026 20:03,20,3,4,5/7/2026 8:47,45845,45845
EHSD-CS0001325,TRUE,,T1 - Contra Costa - CalSAWS Help Desk,3,Closed,5/6/2026 23:30,23,30,4,,,0
EHSD-CS0001349,TRUE,,T1 - Contra Costa - CalSAWS Help Desk,3,Closed,5/6/2026 23:30,23,30,4,,,0
EHSD-CS0001395,TRUE,,T1 - Contra Costa - CalSAWS Help Desk,1,New,5/7/2026 8:33,8,33,5,,,0
EHSD-CS0001396,FALSE,,T1 - Contra Costa - CalSAWS Help Desk,1,New,5/7/2026 8:47,8,47,5,5/7/2026 9:28,2493,2493
EHSD-CS0001397,FALSE,,T1 - Contra Costa - CalSAWS Help Desk,1,New,5/7/2026 8:55,8,55,5,5/7/2026 9:17,1331,1331
EHSD-CS0001398,FALSE,,T1 - Contra Costa - CalSAWS Help Desk,1,New,5/7/2026 9:03,9,3,5,5/7/2026 9:32,1738,1738
EHSD-CS0001397,FALSE,,T1 - Contra Costa - CalSAWS Help Desk,1,New,5/7/2026 9:17,9,17,5,5/7/2026 9:41,1459,1459
EHSD-CS0001399,FALSE,,T1 - Contra Costa - CalSAWS Help Desk,1,New,5/7/2026 9:27,9,27,5,5/7/2026 9:40,814,814
EHSD-CS0001396,FALSE,,T1 - Contra Costa - CalSAWS Help Desk,10,Open,5/7/2026 9:28,9,28,5,5/7/2026 9:31,176,176
EHSD-CS0001396,FALSE,,T1 - Contra Costa - CalSAWS Help Desk,18,Awaiting Info,5/7/2026 9:31,9,31,5,5/8/2026 10:03,88334,88334
EHSD-CS0001398,FALSE,,T1 - Contra Costa - CalSAWS Help Desk,1,New,5/7/2026 9:32,9,32,5,5/7/2026 14:22,17429,17429
EHSD-CS0001399,FALSE,,T1 - Contra Costa - CalSAWS Help Desk,1,New,5/7/2026 9:40,9,40,5,5/7/2026 10:53,4349,4349
EHSD-CS0001397,FALSE,,T1 - Contra Costa - CalSAWS Help Desk,10,Open,5/7/2026 9:41,9,41,5,5/7/2026 9:43,83,83
EHSD-CS0001397,TRUE,,T1 - Contra Costa - CalSAWS Help Desk,6,Resolved,5/7/2026 9:43,9,43,5,,,0
EHSD-CS0001399,TRUE,,T1 - Contra Costa - CalSAWS Help Desk,6,Resolved,5/7/2026 10:53,10,53,5,,,0
EHSD-CS0001358,FALSE,,,18,Awaiting Info,5/7/2026 11:01,11,1,5,5/7/2026 11:50,2973,2973
EHSD-CS0001377,FALSE,,T1 - Contra Costa - CalSAWS Management Office,21,Dispatched,5/7/2026 11:28,11,28,5,5/7/2026 11:28,20,20
EHSD-CS0001377,FALSE,,T1 - Contra Costa - CalSAWS Management Office,20,Diagnosed,5/7/2026 11:28,11,28,5,5/7/2026 11:29,32,32
EHSD-CS0001377,TRUE,,T1 - Contra Costa - CalSAWS Management Office,6,Resolved,5/7/2026 11:29,11,29,5,,,0
EHSD-CS0001358,FALSE,,,19,Awaiting External Partner,5/7/2026 11:50,11,50,5,5/7/2026 11:53,144,144
EHSD-CS0001358,FALSE,,,-5,Pending,5/7/2026 11:53,11,53,5,5/7/2026 11:56,217,217
EHSD-CS0001358,FALSE,,,20,Diagnosed,5/7/2026 11:56,11,56,5,5/7/2026 12:00,215,215
EHSD-CS0001358,FALSE,,,2,Work in Progress,5/7/2026 12:00,12,0,5,5/7/2026 12:32,1928,1928
EHSD-CS0001358,TRUE,,,18,Awaiting Info,5/7/2026 12:32,12,32,5,,,0
EHSD-CS0001400,FALSE,,T1 - Contra Costa - CalSAWS Help Desk,1,New,5/7/2026 14:01,14,1,5,5/7/2026 14:30,1733,1733
EHSD-CS0001398,TRUE,,T1 - Contra Costa - CalSAWS Help Desk,6,Resolved,5/7/2026 14:22,14,22,5,,,0
EHSD-CS0001401,FALSE,,T1 - Contra Costa - CalSAWS Help Desk,1,New,5/7/2026 14:30,14,30,5,5/7/2026 14:44,879,879
EHSD-CS0001400,FALSE,,T1 - Contra Costa - CalSAWS Management Office,1,New,5/7/2026 14:30,14,30,5,5/21/2026 9:25,1191313,1191313
EHSD-CS0001401,FALSE,,T1 - Contra Costa - CalSAWS Help Desk,1,New,5/7/2026 14:44,14,44,5,5/7/2026 14:58,799,799
EHSD-CS0001401,FALSE,,T1 - Contra Costa - CalSAWS Help Desk,10,Open,5/7/2026 14:58,14,58,5,5/7/2026 16:31,5589,5589
EHSD-CS0001402,FALSE,,T1 - Contra Costa - CalSAWS Help Desk,1,New,5/7/2026 15:10,15,10,5,5/7/2026 15:23,759,759
EHSD-CS0001402,FALSE,,T1 - Contra Costa - CalSAWS Help Desk,1,New,5/7/2026 15:23,15,23,5,5/11/2026 13:05,337371,337371
EHSD-CS0001393,TRUE,,T1 - Contra Costa - CalSAWS Help Desk,6,Resolved,5/7/2026 15:37,15,37,5,,,0
EHSD-CS0001403,FALSE,,T1 - Contra Costa - CalSAWS Help Desk,1,New,5/7/2026 16:20,16,20,5,5/7/2026 16:52,1915,1915
EHSD-CS0001401,FALSE,,T1 - Contra Costa - CalSAWS Help Desk,18,Awaiting Info,5/7/2026 16:31,16,31,5,5/8/2026 15:33,82917,82917
EHSD-CS0001403,FALSE,,T1 - Contra Costa - CalSAWS Help Desk,1,New,5/7/2026 16:52,16,52,5,5/7/2026 16:52,25,25
EHSD-CS0001403,TRUE,,T1 - Contra Costa - CalSAWS Help Desk,10,Open,5/7/2026 16:52,16,52,5,,,0
EHSD-CS0001404,FALSE,,T1 - Contra Costa - CalSAWS Help Desk,1,New,5/7/2026 16:58,16,58,5,5/7/2026 17:04,327,327
EHSD-CS0001404,FALSE,,T1 - Contra Costa - CalSAWS Help Desk,1,New,5/7/2026 17:04,17,4,5,5/8/2026 17:13,86968,86968
EHSD-CS0001405,FALSE,,T1 - Contra Costa - CalSAWS Help Desk,1,New,5/7/2026 17:06,17,6,5,5/8/2026 8:32,55609,55609
EHSD-CS0001406,FALSE,,T1 - Contra Costa - CalSAWS Help Desk,1,New,5/7/2026 17:11,17,11,5,5/8/2026 8:42,55893,55893
EHSD-CS0001405,FALSE,,T1 - Contra Costa - CalSAWS Help Desk,1,New,5/8/2026 8:32,8,32,6,5/8/2026 13:21,17297,17297
EHSD-CS0001407,FALSE,,T1 - Contra Costa - CalSAWS Help Desk,1,New,5/8/2026 8:41,8,41,6,5/8/2026 8:54,795,795
EHSD-CS0001406,FALSE,,T1 - Contra Costa - CalSAWS Help Desk,1,New,5/8/2026 8:42,8,42,6,5/8/2026 9:30,2839,2839
EHSD-CS0001407,FALSE,,T1 - Contra Costa - CalSAWS Help Desk,1,New,5/8/2026 8:54,8,54,6,5/11/2026 11:43,269357,269357
EHSD-CS0001408,FALSE,,T1 - Contra Costa - CalSAWS Help Desk,1,New,5/8/2026 9:19,9,19,6,5/8/2026 9:32,791,791
EHSD-CS0001406,FALSE,,T1 - Contra Costa - CalSAWS Help Desk,18,Awaiting Info,5/8/2026 9:30,9,30,6,5/8/2026 16:40,25839,25839
EHSD-CS0001408,FALSE,,T1 - Contra Costa - CalSAWS Help Desk,1,New,5/8/2026 9:32,9,32,6,5/8/2026 9:41,514,514
EHSD-CS0001409,FALSE,,T1 - Contra Costa - CalSAWS Help Desk,1,New,5/8/2026 9:33,9,33,6,5/8/2026 9:51,1117,1117
EHSD-CS0001408,FALSE,,T1 - Contra Costa - CalSAWS Help Desk,1,New,5/8/2026 9:41,9,41,6,5/8/2026 14:59,19114,19114
EHSD-CS0001409,FALSE,,T1 - Contra Costa - CalSAWS Help Desk,1,New,5/8/2026 9:51,9,51,6,5/8/2026 10:59,4058,4058
EHSD-CS0001396,TRUE,,T1 - Contra Costa - CalSAWS Help Desk,6,Resolved,5/8/2026 10:03,10,3,6,,,0
EHSD-CS0001410,FALSE,,T1 - Contra Costa - CalSAWS Help Desk,1,New,5/8/2026 10:32,10,32,6,5/8/2026 10:55,1337,1337
EHSD-CS0001411,FALSE,,T1 - Contra Costa - CalSAWS Help Desk,1,New,5/8/2026 10:37,10,37,6,5/8/2026 11:05,1706,1706
EHSD-CS0001410,FALSE,,T1 - Contra Costa - CalSAWS Help Desk,1,New,5/8/2026 10:55,10,55,6,5/8/2026 13:13,8296,8296
EHSD-CS0001409,TRUE,,T1 - Contra Costa - CalSAWS Help Desk,6,Resolved,5/8/2026 10:59,10,59,6,,,0
EHSD-CS0001411,FALSE,,T1 - Contra Costa - CalSAWS Help Desk,1,New,5/8/2026 11:05,11,5,6,5/8/2026 11:10,293,293
EHSD-CS0001411,TRUE,,T1 - Contra Costa - CalSAWS Help Desk,6,Resolved,5/8/2026 11:10,11,10,6,,,0
EHSD-CS0001412,FALSE,,T1 - Contra Costa - CalSAWS Help Desk,1,New,5/8/2026 11:22,11,22,6,5/8/2026 11:34,722,722
EHSD-CS0001412,FALSE,,T1 - Contra Costa - CalSAWS Help Desk,1,New,5/8/2026 11:34,11,34,6,5/8/2026 15:27,13989,13989
EHSD-CS0001413,FALSE,,T1 - Contra Costa - CalSAWS Help Desk,1,New,5/8/2026 11:56,11,56,6,5/8/2026 12:05,535,535
EHSD-CS0001413,FALSE,,T1 - Contra Costa - CalSAWS Help Desk,1,New,5/8/2026 12:05,12,5,6,5/11/2026 14:24,267514,267514
EHSD-CS0001410,FALSE,,T1 - Contra Costa - CalSAWS Help Desk,10,Open,5/8/2026 13:13,13,13,6,5/8/2026 16:27,11652,11652
EHSD-CS0001405,TRUE,,T1 - Contra Costa - CalSAWS Help Desk,6,Resolved,5/8/2026 13:21,13,21,6,,,0
EHSD-CS0001414,FALSE,,T1 - Contra Costa - CalSAWS Help Desk,1,New,5/8/2026 13:33,13,33,6,5/8/2026 13:49,963,963
EHSD-CS0001414,TRUE,,T1 - Contra Costa - Contact Center,1,New,5/8/2026 13:49,13,49,6,,,0
EHSD-CS0001415,FALSE,,T1 - Contra Costa - CalSAWS Help Desk,1,New,5/8/2026 13:54,13,54,6,5/8/2026 14:06,714,714
EHSD-CS0001415,TRUE,,T1 - Contra Costa - Contact Center,1,New,5/8/2026 14:06,14,6,6,,,0
EHSD-CS0001416,FALSE,,T1 - Contra Costa - CalSAWS Help Desk,1,New,5/8/2026 14:12,14,12,6,5/8/2026 14:35,1369,1369
EHSD-CS0001416,FALSE,,T1 - Contra Costa - CalSAWS Help Desk,1,New,5/8/2026 14:35,14,35,6,5/8/2026 15:03,1684,1684
EHSD-CS0001408,FALSE,,T1 - Contra Costa - CalSAWS Help Desk,18,Awaiting Info,5/8/2026 14:59,14,59,6,5/11/2026 14:37,257855,257855
EHSD-CS0001416,FALSE,,T1 - Contra Costa - CalSAWS Help Desk,18,Awaiting Info,5/8/2026 15:03,15,3,6,5/12/2026 13:57,341644,341644
EHSD-CS0001417,FALSE,,T1 - Contra Costa - CalSAWS Help Desk,1,New,5/8/2026 15:09,15,9,6,5/8/2026 15:22,788,788
EHSD-CS0001417,FALSE,,Contra Costa - Delegated Admin,1,New,5/8/2026 15:22,15,22,6,5/11/2026 8:29,234436,234436
EHSD-CS0001412,FALSE,,T1 - Contra Costa - CalSAWS Help Desk,18,Awaiting Info,5/8/2026 15:27,15,27,6,5/11/2026 15:06,257928,257928
EHSD-CS0001418,FALSE,,T1 - Contra Costa - CalSAWS Help Desk,1,New,5/8/2026 15:32,15,32,6,5/8/2026 15:50,1095,1095
EHSD-CS0001401,TRUE,,T1 - Contra Costa - CalSAWS Help Desk,6,Resolved,5/8/2026 15:33,15,33,6,,,0
EHSD-CS0001418,FALSE,,T1 - Contra Costa - CalSAWS Help Desk,1,New,5/8/2026 15:50,15,50,6,5/11/2026 12:00,245426,245426
EHSD-CS0001419,FALSE,,T1 - Contra Costa - CalSAWS Help Desk,1,New,5/8/2026 16:12,16,12,6,5/8/2026 16:26,855,855
EHSD-CS0001420,FALSE,,T1 - Contra Costa - CalSAWS Help Desk,1,New,5/8/2026 16:17,16,17,6,5/8/2026 16:37,1194,1194
EHSD-CS0001421,FALSE,,T1 - Contra Costa - CalSAWS Help Desk,1,New,5/8/2026 16:20,16,20,6,5/8/2026 16:43,1410,1410
EHSD-CS0001419,FALSE,,Contra Costa - Delegated Admin,1,New,5/8/2026 16:26,16,26,6,5/11/2026 8:45,231502,231502
EHSD-CS0001410,FALSE,,T1 - Contra Costa - CalSAWS Help Desk,2,Work in Progress,5/8/2026 16:27,16,27,6,5/12/2026 13:30,334989,334989
EHSD-CS0001420,FALSE,,T1 - Contra Costa - CalSAWS Help Desk,1,New,5/8/2026 16:37,16,37,6,5/11/2026 16:19,258134,258134
EHSD-CS0001406,TRUE,,T1 - Contra Costa - CalSAWS Help Desk,6,Resolved,5/8/2026 16:40,16,40,6,,,0
EHSD-CS0001421,FALSE,,T1 - Contra Costa - CalSAWS Help Desk,1,New,5/8/2026 16:43,16,43,6,5/11/2026 10:51,238094,238094
EHSD-CS0001404,FALSE,,T1 - Contra Costa - CalSAWS Management Office,10,Open,5/8/2026 17:13,17,13,6,5/19/2026 11:22,929317,929317
EHSD-CS0001422,FALSE,,T1 - Contra Costa - CalSAWS Help Desk,1,New,5/9/2026 13:27,13,27,7,5/11/2026 8:40,155581,155581
EHSD-CS0001417,TRUE,,Contra Costa - Delegated Admin,6,Resolved,5/11/2026 8:29,8,29,2,,,0
EHSD-CS0001422,FALSE,,T1 - Contra Costa - CalSAWS Help Desk,1,New,5/11/2026 8:40,8,40,2,5/12/2026 8:25,85497,85497
EHSD-CS0001419,TRUE,,Contra Costa - Delegated Admin,6,Resolved,5/11/2026 8:45,8,45,2,,,0
EHSD-CS0001423,FALSE,,T1 - Contra Costa - CalSAWS Help Desk,1,New,5/11/2026 9:40,9,40,2,5/11/2026 10:06,1568,1568
EHSD-CS0001423,FALSE,,T1 - Contra Costa - CalSAWS Help Desk,1,New,5/11/2026 10:06,10,6,2,5/11/2026 12:27,8415,8415
EHSD-CS0001421,TRUE,,T1 - Contra Costa - CalSAWS Help Desk,18,Awaiting Info,5/11/2026 10:51,10,51,2,,,0
EHSD-CS0001407,TRUE,,T1 - Contra Costa - CalSAWS Help Desk,6,Resolved,5/11/2026 11:43,11,43,2,,,0
EHSD-CS0001418,TRUE,,T1 - Contra Costa - CalSAWS Help Desk,6,Resolved,5/11/2026 12:00,12,0,2,,,0
EHSD-CS0001423,TRUE,,T1 - Contra Costa - CalSAWS Help Desk,6,Resolved,5/11/2026 12:27,12,27,2,,,0
EHSD-CS0001402,FALSE,,T1 - Contra Costa - CalSAWS Help Desk,2,Work in Progress,5/11/2026 13:05,13,5,2,5/12/2026 9:59,75189,75189
EHSD-CS0001424,FALSE,,T1 - Contra Costa - CalSAWS Help Desk,1,New,5/11/2026 13:44,13,44,2,5/11/2026 14:00,954,954
EHSD-CS0001424,FALSE,,T1 - Contra Costa - CalSAWS Help Desk,1,New,5/11/2026 14:00,14,0,2,5/11/2026 16:33,9189,9189
EHSD-CS0001425,FALSE,,T1 - Contra Costa - CalSAWS Help Desk,1,New,5/11/2026 14:03,14,3,2,5/11/2026 14:21,1041,1041
EHSD-CS0001425,FALSE,,T1 - Contra Costa - CalSAWS Management Office,10,Open,5/11/2026 14:21,14,21,2,5/11/2026 14:44,1410,1410
EHSD-CS0001426,FALSE,,T1 - Contra Costa - CalSAWS Help Desk,1,New,5/11/2026 14:21,14,21,2,5/11/2026 14:31,626,626
EHSD-CS0001413,FALSE,,T1 - Contra Costa - CalSAWS Help Desk,10,Open,5/11/2026 14:24,14,24,2,5/13/2026 11:33,162562,162562
EHSD-CS0001426,FALSE,,T1 - Contra Costa - CalSAWS Help Desk,1,New,5/11/2026 14:31,14,31,2,5/11/2026 15:15,2612,2612
EHSD-CS0001408,FALSE,,T1 - Contra Costa - CalSAWS Management Office,18,Awaiting Info,5/11/2026 14:37,14,37,2,5/11/2026 14:37,28,28
EHSD-CS0001408,FALSE,,T1 - Contra Costa - CalSAWS Management Office,10,Open,5/11/2026 14:37,14,37,2,5/11/2026 15:14,2177,2177
EHSD-CS0001425,FALSE,,T1 - Contra Costa - CalSAWS Management Office,-5,Pending,5/11/2026 14:44,14,44,2,5/12/2026 14:16,84739,84739
EHSD-CS0001427,FALSE,,T1 - Contra Costa - CalSAWS Help Desk,1,New,5/11/2026 14:54,14,54,2,5/11/2026 15:01,440,440
EHSD-CS0001427,FALSE,,T1 - Contra Costa - CalSAWS Help Desk,1,New,5/11/2026 15:01,15,1,2,5/12/2026 16:49,92858,92858
EHSD-CS0001412,FALSE,,T1 - Contra Costa - CalSAWS Management Office,18,Awaiting Info,5/11/2026 15:06,15,6,2,5/11/2026 15:25,1171,1171
EHSD-CS0001428,FALSE,,T1 - Contra Costa - CalSAWS Help Desk,1,New,5/11/2026 15:09,15,9,2,5/11/2026 15:21,720,720
EHSD-CS0001408,FALSE,,T1 - Contra Costa - CalSAWS Management Office,-5,Pending,5/11/2026 15:14,15,14,2,5/20/2026 7:54,751231,751231
EHSD-CS0001426,FALSE,,T1 - Contra Costa - CalSAWS Help Desk,18,Awaiting Info,5/11/2026 15:15,15,15,2,5/12/2026 10:10,68155,68155
EHSD-CS0001429,FALSE,,T1 - Contra Costa - CalSAWS Help Desk,1,New,5/11/2026 15:15,15,15,2,5/11/2026 15:29,840,840
EHSD-CS0001428,FALSE,,T1 - Contra Costa - CalSAWS Help Desk,1,New,5/11/2026 15:21,15,21,2,5/11/2026 16:01,2391,2391
EHSD-CS0001412,FALSE,,T1 - Contra Costa - CalSAWS Management Office,-5,Pending,5/11/2026 15:25,15,25,2,5/12/2026 8:27,61285,61285
EHSD-CS0001429,FALSE,,T1 - Contra Costa - CalSAWS Help Desk,1,New,5/11/2026 15:29,15,29,2,5/12/2026 14:01,81119,81119
EHSD-CS0001430,FALSE,,T1 - Contra Costa - CalSAWS Help Desk,1,New,5/11/2026 15:35,15,35,2,5/11/2026 15:49,843,843
EHSD-CS0001430,FALSE,,T1 - Contra Costa - CalSAWS Help Desk,1,New,5/11/2026 15:49,15,49,2,5/11/2026 16:08,1163,1163
EHSD-CS0001428,TRUE,,T1 - Contra Costa - CalSAWS Help Desk,6,Resolved,5/11/2026 16:01,16,1,2,,,0
EHSD-CS0001430,TRUE,,T1 - Contra Costa - CalSAWS Help Desk,6,Resolved,5/11/2026 16:08,16,8,2,,,0
EHSD-CS0001420,TRUE,,T1 - Contra Costa - CalSAWS Help Desk,6,Resolved,5/11/2026 16:19,16,19,2,,,0
EHSD-CS0001431,FALSE,,T1 - Contra Costa - CalSAWS Help Desk,1,New,5/11/2026 16:27,16,27,2,5/11/2026 16:40,778,778
EHSD-CS0001424,TRUE,,T1 - Contra Costa - CalSAWS Help Desk,6,Resolved,5/11/2026 16:33,16,33,2,,,0
EHSD-CS0001431,FALSE,,T1 - Contra Costa - CalSAWS Help Desk,1,New,5/11/2026 16:40,16,40,2,5/12/2026 11:34,68056,68056
EHSD-CS0001432,FALSE,,T1 - Contra Costa - CalSAWS Help Desk,1,New,5/11/2026 16:51,16,51,2,5/12/2026 8:38,56810,56810
EHSD-CS0001433,FALSE,,T1 - Contra Costa - CalSAWS Help Desk,1,New,5/11/2026 19:01,19,1,2,5/12/2026 8:47,49561,49561
EHSD-CS0001422,FALSE,,T1 - Contra Costa - CalSAWS Help Desk,2,Work in Progress,5/12/2026 8:25,8,25,3,5/14/2026 12:55,188952,188952
EHSD-CS0001412,TRUE,,T1 - Contra Costa - CalSAWS Management Office,10,Open,5/12/2026 8:27,8,27,3,,,0
EHSD-CS0001432,FALSE,,T1 - Contra Costa - CalSAWS Help Desk,1,New,5/12/2026 8:38,8,38,3,5/12/2026 11:58,11973,11973
EHSD-CS0001434,FALSE,,T1 - Contra Costa - CalSAWS Help Desk,1,New,5/12/2026 8:46,8,46,3,5/12/2026 8:58,720,720
EHSD-CS0001433,FALSE,,T1 - Contra Costa - CalSAWS Help Desk,1,New,5/12/2026 8:47,8,47,3,5/13/2026 8:30,85381,85381
EHSD-CS0001435,FALSE,,T1 - Contra Costa - CalSAWS Help Desk,1,New,5/12/2026 8:55,8,55,3,5/12/2026 9:22,1637,1637
EHSD-CS0001434,FALSE,,T1 - Contra Costa - CalSAWS Help Desk,1,New,5/12/2026 8:58,8,58,3,5/12/2026 9:27,1742,1742
EHSD-CS0001436,FALSE,,T1 - Contra Costa - CalSAWS Help Desk,1,New,5/12/2026 9:21,9,21,3,5/12/2026 9:33,725,725
EHSD-CS0001435,FALSE,,T1 - Contra Costa - CalSAWS Help Desk,1,New,5/12/2026 9:22,9,22,3,5/12/2026 9:26,207,207
EHSD-CS0001435,FALSE,,Contra Costa - Delegated Admin,1,New,5/12/2026 9:26,9,26,3,5/12/2026 9:52,1577,1577
EHSD-CS0001434,TRUE,,T1 - Contra Costa - CalSAWS Help Desk,6,Resolved,5/12/2026 9:27,9,27,3,,,0
EHSD-CS0001436,FALSE,,T1 - Contra Costa - CalSAWS Help Desk,1,New,5/12/2026 9:33,9,33,3,5/12/2026 12:02,8946,8946
EHSD-CS0001437,FALSE,,T1 - Contra Costa - CalSAWS Help Desk,1,New,5/12/2026 9:52,9,52,3,5/12/2026 10:05,765,765
EHSD-CS0001435,TRUE,,Contra Costa - Delegated Admin,6,Resolved,5/12/2026 9:52,9,52,3,,,0
EHSD-CS0001402,TRUE,,T1 - Contra Costa - CalSAWS Management Office,10,Open,5/12/2026 9:59,9,59,3,,,0
EHSD-CS0001437,FALSE,,T1 - Contra Costa - CalSAWS Help Desk,1,New,5/12/2026 10:05,10,5,3,5/12/2026 13:30,12298,12298
EHSD-CS0001426,TRUE,,T1 - Contra Costa - CalSAWS Help Desk,6,Resolved,5/12/2026 10:10,10,10,3,,,0
EHSD-CS0001438,FALSE,,T1 - Contra Costa - CalSAWS Help Desk,1,New,5/12/2026 11:19,11,19,3,5/12/2026 11:29,642,642
EHSD-CS0001438,FALSE,,T1 - Contra Costa - CalSAWS Help Desk,1,New,5/12/2026 11:29,11,29,3,5/12/2026 15:35,14765,14765
EHSD-CS0001431,FALSE,,T1 - Contra Costa - CalSAWS Help Desk,18,Awaiting Info,5/12/2026 11:34,11,34,3,5/13/2026 11:55,87654,87654
EHSD-CS0001439,FALSE,,T1 - Contra Costa - CalSAWS Help Desk,1,New,5/12/2026 11:38,11,38,3,5/12/2026 11:41,163,163
EHSD-CS0001439,TRUE,,T1 - Contra Costa - CalSAWS Management Office,1,New,5/12/2026 11:41,11,41,3,,,0
EHSD-CS0001432,TRUE,,T1 - Contra Costa - CalSAWS Help Desk,6,Resolved,5/12/2026 11:58,11,58,3,,,0
EHSD-CS0001436,FALSE,,T1 - Contra Costa - CalSAWS Help Desk,18,Awaiting Info,5/12/2026 12:02,12,2,3,5/12/2026 13:39,5782,5782
EHSD-CS0001440,FALSE,,T1 - Contra Costa - CalSAWS Help Desk,1,New,5/12/2026 12:14,12,14,3,5/12/2026 12:25,639,639
EHSD-CS0001440,FALSE,,T1 - Contra Costa - CalSAWS Help Desk,1,New,5/12/2026 12:25,12,25,3,5/12/2026 13:41,4581,4581
EHSD-CS0001437,TRUE,,T1 - Contra Costa - CalSAWS Help Desk,6,Resolved,5/12/2026 13:30,13,30,3,,,0
EHSD-CS0001410,TRUE,,T1 - Contra Costa - CalSAWS Help Desk,10,Open,5/12/2026 13:30,13,30,3,,,0
EHSD-CS0001436,TRUE,,T1 - Contra Costa - CalSAWS Help Desk,6,Resolved,5/12/2026 13:39,13,39,3,,,0
EHSD-CS0001440,TRUE,,T1 - Contra Costa - CalSAWS Help Desk,6,Resolved,5/12/2026 13:41,13,41,3,,,0
EHSD-CS0001416,TRUE,,T1 - Contra Costa - CalSAWS Help Desk,6,Resolved,5/12/2026 13:57,13,57,3,,,0
EHSD-CS0001429,TRUE,,T1 - Contra Costa - CalSAWS Help Desk,6,Resolved,5/12/2026 14:01,14,1,3,,,0
EHSD-CS0001425,FALSE,,T1 - Contra Costa - CalSAWS Management Office,21,Dispatched,5/12/2026 14:16,14,16,3,5/12/2026 14:17,16,16
EHSD-CS0001425,FALSE,,T1 - Contra Costa - CalSAWS Management Office,20,Diagnosed,5/12/2026 14:17,14,17,3,5/12/2026 14:17,27,27
EHSD-CS0001425,TRUE,,T1 - Contra Costa - CalSAWS Management Office,6,Resolved,5/12/2026 14:17,14,17,3,,,0
EHSD-CS0001441,FALSE,,T1 - Contra Costa - CalSAWS Help Desk,1,New,5/12/2026 14:53,14,53,3,5/12/2026 15:04,674,674
EHSD-CS0001441,FALSE,,T1 - Contra Costa - CalSAWS Help Desk,1,New,5/12/2026 15:04,15,4,3,5/12/2026 15:54,2971,2971
EHSD-CS0001438,TRUE,,T1 - Contra Costa - CalSAWS Help Desk,6,Resolved,5/12/2026 15:35,15,35,3,,,0
EHSD-CS0001441,FALSE,,T1 - Contra Costa - CalSAWS Help Desk,2,Work in Progress,5/12/2026 15:54,15,54,3,5/13/2026 9:50,64564,64564
EHSD-CS0001442,FALSE,,T1 - Contra Costa - CalSAWS Help Desk,1,New,5/12/2026 16:18,16,18,3,5/12/2026 16:33,894,894
EHSD-CS0001443,FALSE,,T1 - Contra Costa - CalSAWS Help Desk,1,New,5/12/2026 16:21,16,21,3,5/12/2026 16:45,1395,1395
EHSD-CS0001442,FALSE,,T1 - Contra Costa - CalSAWS Help Desk,1,New,5/12/2026 16:33,16,33,3,5/13/2026 9:39,61555,61555
EHSD-CS0001443,FALSE,,T1 - Contra Costa - CalSAWS Help Desk,1,New,5/12/2026 16:45,16,45,3,5/13/2026 9:10,59120,59120
EHSD-CS0001427,FALSE,,T1 - Contra Costa - CalSAWS Help Desk,2,Work in Progress,5/12/2026 16:49,16,49,3,5/14/2026 9:20,145848,145848
EHSD-CS0001444,FALSE,,T1 - Contra Costa - CalSAWS Help Desk,1,New,5/12/2026 16:58,16,58,3,5/13/2026 9:30,59486,59486
EHSD-CS0001352,TRUE,,Contra Costa - Delegated Admin,3,Closed,5/12/2026 23:30,23,30,3,,,0
EHSD-CS0001433,TRUE,,T1 - Contra Costa - CalSAWS Help Desk,6,Resolved,5/13/2026 8:30,8,30,4,,,0
EHSD-CS0001445,FALSE,,T1 - Contra Costa - CalSAWS Help Desk,1,New,5/13/2026 8:52,8,52,4,5/13/2026 9:40,2896,2896
EHSD-CS0001446,FALSE,,T1 - Contra Costa - CalSAWS Help Desk,1,New,5/13/2026 8:55,8,55,4,5/13/2026 9:48,3197,3197
EHSD-CS0001443,FALSE,,T1 - Contra Costa - CalSAWS Management Office,10,Open,5/13/2026 9:10,9,10,4,5/13/2026 11:23,7958,7958
EHSD-CS0001444,FALSE,,T1 - Contra Costa - CalSAWS Help Desk,1,New,5/13/2026 9:30,9,30,4,5/14/2026 11:01,91893,91893
EHSD-CS0001442,TRUE,,T1 - Contra Costa - CalSAWS Help Desk,6,Resolved,5/13/2026 9:39,9,39,4,,,0
EHSD-CS0001445,FALSE,,T1 - Contra Costa - CalSAWS Help Desk,1,New,5/13/2026 9:40,9,40,4,5/13/2026 10:06,1533,1533
EHSD-CS0001446,FALSE,,T1 - Contra Costa - CalSAWS Help Desk,1,New,5/13/2026 9:48,9,48,4,5/13/2026 11:06,4702,4702
EHSD-CS0001441,FALSE,,T1 - Contra Costa - CalSAWS Help Desk,18,Awaiting Info,5/13/2026 9:50,9,50,4,5/13/2026 16:58,25678,25678
EHSD-CS0001445,FALSE,,T1 - Contra Costa - CalSAWS Help Desk,18,Awaiting Info,5/13/2026 10:06,10,6,4,5/14/2026 8:35,80957,80957
EHSD-CS0001447,FALSE,,T1 - Contra Costa - CalSAWS Help Desk,1,New,5/13/2026 10:40,10,40,4,5/13/2026 10:55,921,921
EHSD-CS0001447,FALSE,,T1 - Contra Costa - CalSAWS Help Desk,1,New,5/13/2026 10:55,10,55,4,5/13/2026 11:36,2465,2465
EHSD-CS0001446,TRUE,,T1 - Contra Costa - CalSAWS Help Desk,6,Resolved,5/13/2026 11:06,11,6,4,,,0
EHSD-CS0001448,FALSE,,T1 - Contra Costa - CalSAWS Help Desk,1,New,5/13/2026 11:07,11,7,4,5/13/2026 11:19,764,764
EHSD-CS0001448,FALSE,,T1 - Contra Costa - CalSAWS Help Desk,1,New,5/13/2026 11:19,11,19,4,5/14/2026 13:08,92888,92888
EHSD-CS0001443,FALSE,,T1 - Contra Costa - CalSAWS Management Office,-5,Pending,5/13/2026 11:23,11,23,4,5/13/2026 11:37,847,847
EHSD-CS0001449,FALSE,,T1 - Contra Costa - CalSAWS Help Desk,1,New,5/13/2026 11:25,11,25,4,5/13/2026 11:36,685,685
EHSD-CS0001413,FALSE,,T1 - Contra Costa - CalSAWS Help Desk,-5,Pending,5/13/2026 11:33,11,33,4,5/13/2026 11:43,568,568
EHSD-CS0001449,FALSE,,T1 - Contra Costa - CalSAWS Help Desk,1,New,5/13/2026 11:36,11,36,4,5/13/2026 15:36,14401,14401
EHSD-CS0001447,TRUE,,T1 - Contra Costa - CalSAWS Help Desk,6,Resolved,5/13/2026 11:36,11,36,4,,,0
EHSD-CS0001443,FALSE,,T1 - Contra Costa - CalSAWS Management Office,6,Resolved,5/13/2026 11:37,11,37,4,5/13/2026 12:15,2294,2294
EHSD-CS0001413,TRUE,,T1 - Contra Costa - CalSAWS Help Desk,6,Resolved,5/13/2026 11:43,11,43,4,,,0
EHSD-CS0001431,TRUE,,T1 - Contra Costa - CalSAWS Help Desk,6,Resolved,5/13/2026 11:55,11,55,4,,,0
EHSD-CS0001450,FALSE,,T1 - Contra Costa - CalSAWS Help Desk,1,New,5/13/2026 11:59,11,59,4,5/13/2026 12:12,801,801
EHSD-CS0001450,FALSE,,T1 - Contra Costa - CalSAWS Help Desk,1,New,5/13/2026 12:12,12,12,4,5/13/2026 13:21,4115,4115
EHSD-CS0001443,TRUE,,T1 - Contra Costa - CalSAWS Management Office,-5,Pending,5/13/2026 12:15,12,15,4,,,0
EHSD-CS0001451,FALSE,,T1 - Contra Costa - CalSAWS Help Desk,1,New,5/13/2026 12:42,12,42,4,5/13/2026 13:08,1561,1561
EHSD-CS0001451,FALSE,,T1 - Contra Costa - CalSAWS Help Desk,1,New,5/13/2026 13:08,13,8,4,5/14/2026 12:05,82644,82644
EHSD-CS0001450,FALSE,,T1 - Contra Costa - CalSAWS Help Desk,2,Work in Progress,5/13/2026 13:21,13,21,4,5/13/2026 13:34,813,813
EHSD-CS0001450,TRUE,,T1 - Contra Costa - CalSAWS Help Desk,6,Resolved,5/13/2026 13:34,13,34,4,,,0
EHSD-CS0001452,FALSE,,T1 - Contra Costa - CalSAWS Help Desk,1,New,5/13/2026 13:38,13,38,4,5/13/2026 13:47,561,561
EHSD-CS0001453,FALSE,,T1 - Contra Costa - CalSAWS Help Desk,1,New,5/13/2026 13:38,13,38,4,5/13/2026 13:52,796,796
EHSD-CS0001454,FALSE,,T1 - Contra Costa - CalSAWS Help Desk,1,New,5/13/2026 13:40,13,40,4,5/13/2026 13:58,1106,1106
EHSD-CS0001455,FALSE,,T1 - Contra Costa - CalSAWS Help Desk,1,New,5/13/2026 13:40,13,40,4,5/13/2026 14:03,1327,1327
EHSD-CS0001456,FALSE,,T1 - Contra Costa - CalSAWS Help Desk,1,New,5/13/2026 13:42,13,42,4,5/13/2026 14:06,1462,1462
EHSD-CS0001457,FALSE,,T1 - Contra Costa - CalSAWS Help Desk,1,New,5/13/2026 13:42,13,42,4,5/13/2026 14:10,1671,1671
EHSD-CS0001458,FALSE,,T1 - Contra Costa - CalSAWS Help Desk,1,New,5/13/2026 13:44,13,44,4,5/13/2026 14:14,1831,1831
EHSD-CS0001459,FALSE,,T1 - Contra Costa - CalSAWS Help Desk,1,New,5/13/2026 13:45,13,45,4,5/13/2026 14:18,1980,1980
EHSD-CS0001452,FALSE,,Contra Costa - Delegated Admin,1,New,5/13/2026 13:47,13,47,4,5/13/2026 14:14,1572,1572
EHSD-CS0001460,FALSE,,T1 - Contra Costa - CalSAWS Help Desk,1,New,5/13/2026 13:51,13,51,4,5/13/2026 14:22,1886,1886
EHSD-CS0001461,FALSE,,T1 - Contra Costa - CalSAWS Help Desk,1,New,5/13/2026 13:51,13,51,4,5/13/2026 14:27,2137,2137
EHSD-CS0001453,FALSE,,Contra Costa - Delegated Admin,1,New,5/13/2026 13:52,13,52,4,5/13/2026 14:51,3568,3568
EHSD-CS0001462,FALSE,,T1 - Contra Costa - CalSAWS Help Desk,1,New,5/13/2026 13:52,13,52,4,5/13/2026 14:30,2313,2313
EHSD-CS0001463,FALSE,,T1 - Contra Costa - CalSAWS Help Desk,1,New,5/13/2026 13:52,13,52,4,5/13/2026 14:34,2514,2514
EHSD-CS0001464,FALSE,,T1 - Contra Costa - CalSAWS Help Desk,1,New,5/13/2026 13:53,13,53,4,5/13/2026 14:38,2721,2721
EHSD-CS0001454,FALSE,,Contra Costa - Delegated Admin,1,New,5/13/2026 13:58,13,58,4,5/13/2026 14:52,3223,3223
EHSD-CS0001455,FALSE,,Contra Costa - Delegated Admin,1,New,5/13/2026 14:03,14,3,4,5/13/2026 14:53,3007,3007
EHSD-CS0001456,FALSE,,Contra Costa - Delegated Admin,1,New,5/13/2026 14:06,14,6,4,5/13/2026 14:53,2797,2797
EHSD-CS0001457,FALSE,,Contra Costa - Delegated Admin,1,New,5/13/2026 14:10,14,10,4,5/13/2026 14:53,2597,2597
EHSD-CS0001452,TRUE,,Contra Costa - Delegated Admin,6,Resolved,5/13/2026 14:14,14,14,4,,,0
EHSD-CS0001458,FALSE,,Contra Costa - Delegated Admin,1,New,5/13/2026 14:14,14,14,4,5/13/2026 14:54,2358,2358
EHSD-CS0001459,FALSE,,Contra Costa - Delegated Admin,1,New,5/13/2026 14:18,14,18,4,5/13/2026 14:54,2183,2183
EHSD-CS0001460,FALSE,,Contra Costa - Delegated Admin,1,New,5/13/2026 14:22,14,22,4,5/13/2026 14:55,1926,1926
EHSD-CS0001461,FALSE,,Contra Costa - Delegated Admin,1,New,5/13/2026 14:27,14,27,4,5/13/2026 14:55,1697,1697
EHSD-CS0001462,FALSE,,Contra Costa - Delegated Admin,1,New,5/13/2026 14:30,14,30,4,5/13/2026 14:55,1497,1497
EHSD-CS0001463,FALSE,,Contra Costa - Delegated Admin,1,New,5/13/2026 14:34,14,34,4,5/13/2026 14:56,1281,1281
EHSD-CS0001465,FALSE,,T1 - Contra Costa - CalSAWS Help Desk,1,New,5/13/2026 14:36,14,36,4,5/13/2026 14:48,728,728
EHSD-CS0001464,FALSE,,Contra Costa - Delegated Admin,1,New,5/13/2026 14:38,14,38,4,5/13/2026 14:56,1076,1076
EHSD-CS0001466,FALSE,,T1 - Contra Costa - CalSAWS Help Desk,1,New,5/13/2026 14:44,14,44,4,5/13/2026 14:54,582,582
EHSD-CS0001465,FALSE,,T1 - Contra Costa - CalSAWS Help Desk,1,New,5/13/2026 14:48,14,48,4,5/14/2026 12:49,79251,79251
EHSD-CS0001453,TRUE,,Contra Costa - Delegated Admin,6,Resolved,5/13/2026 14:51,14,51,4,,,0
EHSD-CS0001454,TRUE,,Contra Costa - Delegated Admin,6,Resolved,5/13/2026 14:52,14,52,4,,,0
EHSD-CS0001455,TRUE,,Contra Costa - Delegated Admin,6,Resolved,5/13/2026 14:53,14,53,4,,,0
EHSD-CS0001456,TRUE,,Contra Costa - Delegated Admin,6,Resolved,5/13/2026 14:53,14,53,4,,,0
EHSD-CS0001457,TRUE,,Contra Costa - Delegated Admin,6,Resolved,5/13/2026 14:53,14,53,4,,,0
EHSD-CS0001466,FALSE,,T1 - Contra Costa - CalSAWS Help Desk,1,New,5/13/2026 14:54,14,54,4,5/13/2026 16:52,7076,7076
EHSD-CS0001458,TRUE,,Contra Costa - Delegated Admin,6,Resolved,5/13/2026 14:54,14,54,4,,,0
EHSD-CS0001459,TRUE,,Contra Costa - Delegated Admin,6,Resolved,5/13/2026 14:54,14,54,4,,,0
EHSD-CS0001460,TRUE,,Contra Costa - Delegated Admin,6,Resolved,5/13/2026 14:55,14,55,4,,,0
EHSD-CS0001461,TRUE,,Contra Costa - Delegated Admin,6,Resolved,5/13/2026 14:55,14,55,4,,,0
EHSD-CS0001462,TRUE,,Contra Costa - Delegated Admin,6,Resolved,5/13/2026 14:55,14,55,4,,,0
EHSD-CS0001463,TRUE,,Contra Costa - Delegated Admin,6,Resolved,5/13/2026 14:56,14,56,4,,,0
EHSD-CS0001464,TRUE,,Contra Costa - Delegated Admin,6,Resolved,5/13/2026 14:56,14,56,4,,,0
EHSD-CS0001467,FALSE,,T1 - Contra Costa - CalSAWS Help Desk,1,New,5/13/2026 14:58,14,58,4,5/13/2026 15:13,920,920
EHSD-CS0001468,FALSE,,T1 - Contra Costa - CalSAWS Help Desk,1,New,5/13/2026 15:11,15,11,4,5/13/2026 15:21,638,638
EHSD-CS0001467,FALSE,,T1 - Contra Costa - CalSAWS Help Desk,1,New,5/13/2026 15:13,15,13,4,5/13/2026 15:17,197,197
EHSD-CS0001467,TRUE,,T1 - Contra Costa - CalSAWS Help Desk,6,Resolved,5/13/2026 15:17,15,17,4,,,0
EHSD-CS0001468,FALSE,,T1 - Contra Costa - CalSAWS Help Desk,1,New,5/13/2026 15:21,15,21,4,5/13/2026 15:57,2179,2179
EHSD-CS0001449,FALSE,,T1 - Contra Costa - CalSAWS Help Desk,18,Awaiting Info,5/13/2026 15:36,15,36,4,5/18/2026 11:39,417757,417757
EHSD-CS0001468,TRUE,,T1 - Contra Costa - CalSAWS Help Desk,6,Resolved,5/13/2026 15:57,15,57,4,,,0
EHSD-CS0001466,FALSE,,T1 - Contra Costa - CalSAWS Help Desk,18,Awaiting Info,5/13/2026 16:52,16,52,4,5/14/2026 8:40,56935,56935
EHSD-CS0001469,FALSE,,T1 - Contra Costa - CalSAWS Help Desk,1,New,5/13/2026 16:53,16,53,4,5/14/2026 8:28,56063,56063
EHSD-CS0001441,TRUE,,T1 - Contra Costa - CalSAWS Help Desk,6,Resolved,5/13/2026 16:58,16,58,4,,,0
EHSD-CS0001470,FALSE,,T1 - Contra Costa - CalSAWS Help Desk,1,New,5/14/2026 8:16,8,16,5,5/14/2026 9:10,3256,3256
EHSD-CS0001469,FALSE,,T1 - Contra Costa - CalSAWS Help Desk,1,New,5/14/2026 8:28,8,28,5,5/19/2026 9:40,436332,436332
EHSD-CS0001445,TRUE,,T1 - Contra Costa - CalSAWS Help Desk,6,Resolved,5/14/2026 8:35,8,35,5,,,0
EHSD-CS0001466,TRUE,,T1 - Contra Costa - CalSAWS Help Desk,6,Resolved,5/14/2026 8:40,8,40,5,,,0
EHSD-CS0001471,FALSE,,T1 - Contra Costa - CalSAWS Help Desk,1,New,5/14/2026 8:53,8,53,5,5/14/2026 8:58,312,312
EHSD-CS0001471,FALSE,,T1 - Contra Costa - CalSAWS Help Desk,1,New,5/14/2026 8:58,8,58,5,5/14/2026 11:51,10406,10406
EHSD-CS0001470,FALSE,,T1 - Contra Costa - CalSAWS Help Desk,1,New,5/14/2026 9:10,9,10,5,5/14/2026 16:35,26670,26670
EHSD-CS0001427,TRUE,,T1 - Contra Costa - CalSAWS Help Desk,6,Resolved,5/14/2026 9:20,9,20,5,,,0
EHSD-CS0001444,TRUE,,T1 - Contra Costa - CalSAWS Help Desk,6,Resolved,5/14/2026 11:01,11,1,5,,,0
EHSD-CS0001472,FALSE,,T1 - Contra Costa - CalSAWS Help Desk,1,New,5/14/2026 11:02,11,2,5,5/14/2026 11:09,410,410
EHSD-CS0001472,FALSE,,T1 - Contra Costa - CalSAWS Help Desk,1,New,5/14/2026 11:09,11,9,5,5/14/2026 12:07,3472,3472
EHSD-CS0001348,TRUE,,T1 - Contra Costa - CalSAWS Help Desk,6,Resolved,5/14/2026 11:17,11,17,5,,,0
EHSD-CS0001471,FALSE,,T1 - Contra Costa - CalSAWS Help Desk,18,Awaiting Info,5/14/2026 11:51,11,51,5,5/15/2026 13:55,93828,93828
EHSD-CS0001451,FALSE,,T1 - Contra Costa - CalSAWS Help Desk,2,Work in Progress,5/14/2026 12:05,12,5,5,5/19/2026 8:55,420572,420572
EHSD-CS0001472,TRUE,,T1 - Contra Costa - CalSAWS Help Desk,6,Resolved,5/14/2026 12:07,12,7,5,,,0
EHSD-CS0001473,FALSE,,T1 - Contra Costa - CalSAWS Help Desk,1,New,5/14/2026 12:12,12,12,5,5/14/2026 12:15,193,193
EHSD-CS0001473,TRUE,,T1 - Contra Costa - CalSAWS Management Office,1,New,5/14/2026 12:15,12,15,5,,,0
EHSD-CS0001465,TRUE,,T1 - Contra Costa - CalSAWS Help Desk,6,Resolved,5/14/2026 12:49,12,49,5,,,0
EHSD-CS0001422,TRUE,,T1 - Contra Costa - CalSAWS Help Desk,6,Resolved,5/14/2026 12:55,12,55,5,,,0
EHSD-CS0001448,TRUE,,T1 - Contra Costa - CalSAWS Help Desk,6,Resolved,5/14/2026 13:08,13,8,5,,,0
EHSD-CS0001474,FALSE,,T1 - Contra Costa - CalSAWS Help Desk,1,New,5/14/2026 14:44,14,44,5,5/14/2026 14:59,864,864
EHSD-CS0001475,FALSE,,T1 - Contra Costa - CalSAWS Help Desk,1,New,5/14/2026 14:55,14,55,5,5/14/2026 15:08,786,786
EHSD-CS0001474,FALSE,,T1 - Contra Costa - CalSAWS Help Desk,1,New,5/14/2026 14:59,14,59,5,5/14/2026 17:22,8584,8584
EHSD-CS0001475,FALSE,,T1 - Contra Costa - CalSAWS Help Desk,1,New,5/14/2026 15:08,15,8,5,5/19/2026 14:01,428016,428016
EHSD-CS0001476,FALSE,,T1 - Contra Costa - CalSAWS Help Desk,1,New,5/14/2026 16:24,16,24,5,5/14/2026 16:30,375,375
EHSD-CS0001476,FALSE,,T1 - Contra Costa - CalSAWS Management Office,1,New,5/14/2026 16:30,16,30,5,5/20/2026 12:54,505418,505418
EHSD-CS0001470,TRUE,,T1 - Contra Costa - CalSAWS Help Desk,6,Resolved,5/14/2026 16:35,16,35,5,,,0
EHSD-CS0001477,FALSE,,T1 - Contra Costa - CalSAWS Help Desk,1,New,5/14/2026 16:44,16,44,5,5/14/2026 16:48,193,193
EHSD-CS0001477,FALSE,,T1 - Contra Costa - CalSAWS Help Desk,1,New,5/14/2026 16:48,16,48,5,5/15/2026 9:56,61723,61723
EHSD-CS0001478,FALSE,,T1 - Contra Costa - CalSAWS Help Desk,1,New,5/14/2026 16:49,16,49,5,5/15/2026 8:22,55928,55928
EHSD-CS0001474,TRUE,,T1 - Contra Costa - CalSAWS Help Desk,6,Resolved,5/14/2026 17:22,17,22,5,,,0
EHSD-CS0001355,TRUE,,T1 - Contra Costa - CalSAWS Help Desk,3,Closed,5/14/2026 23:30,23,30,5,,,0
EHSD-CS0001354,TRUE,,T1 - Contra Costa - CalSAWS Help Desk,3,Closed,5/14/2026 23:30,23,30,5,,,0
EHSD-CS0001478,FALSE,,T1 - Contra Costa - CalSAWS Help Desk,1,New,5/15/2026 8:22,8,22,6,5/15/2026 9:33,4267,4267
EHSD-CS0001480,FALSE,,T1 - Contra Costa - CalSAWS Help Desk,1,New,5/15/2026 9:28,9,28,6,5/15/2026 9:47,1117,1117
EHSD-CS0001481,FALSE,,T1 - Contra Costa - CalSAWS Help Desk,1,New,5/15/2026 9:31,9,31,6,5/15/2026 9:55,1404,1404
EHSD-CS0001478,TRUE,,T1 - Contra Costa - CalSAWS Help Desk,6,Resolved,5/15/2026 9:33,9,33,6,,,0
EHSD-CS0001482,FALSE,,T1 - Contra Costa - CalSAWS Help Desk,1,New,5/15/2026 9:45,9,45,6,5/15/2026 10:07,1262,1262
EHSD-CS0001480,FALSE,,T1 - Contra Costa - CalSAWS Help Desk,1,New,5/15/2026 9:47,9,47,6,5/19/2026 15:39,366716,366716
EHSD-CS0001481,FALSE,,T1 - Contra Costa - CalSAWS Help Desk,1,New,5/15/2026 9:55,9,55,6,5/15/2026 15:49,21278,21278
EHSD-CS0001477,TRUE,,T1 - Contra Costa - CalSAWS Help Desk,6,Resolved,5/15/2026 9:56,9,56,6,,,0
EHSD-CS0001482,FALSE,,T1 - Contra Costa - CalSAWS Help Desk,1,New,5/15/2026 10:07,10,7,6,5/15/2026 14:34,16041,16041
EHSD-CS0001483,FALSE,,T1 - Contra Costa - CalSAWS Help Desk,1,New,5/15/2026 10:07,10,7,6,5/15/2026 10:21,824,824
EHSD-CS0001483,FALSE,,T1 - Contra Costa - CalSAWS Help Desk,1,New,5/15/2026 10:21,10,21,6,5/15/2026 12:11,6591,6591
EHSD-CS0001483,TRUE,,T1 - Contra Costa - CalSAWS Help Desk,6,Resolved,5/15/2026 12:11,12,11,6,,,0
EHSD-CS0001484,FALSE,,T1 - Contra Costa - CalSAWS Help Desk,1,New,5/15/2026 13:04,13,4,6,5/15/2026 13:56,3127,3127
EHSD-CS0001471,TRUE,,T1 - Contra Costa - CalSAWS Help Desk,6,Resolved,5/15/2026 13:55,13,55,6,,,0
EHSD-CS0001484,FALSE,,T1 - Contra Costa - CalSAWS Help Desk,1,New,5/15/2026 13:56,13,56,6,5/19/2026 15:47,352241,352241
EHSD-CS0001482,TRUE,,T1 - Contra Costa - CalSAWS Help Desk,6,Resolved,5/15/2026 14:34,14,34,6,,,0
EHSD-CS0001485,FALSE,,T1 - Contra Costa - CalSAWS Help Desk,1,New,5/15/2026 15:11,15,11,6,5/15/2026 15:22,696,696
EHSD-CS0001486,FALSE,,T1 - Contra Costa - CalSAWS Help Desk,1,New,5/15/2026 15:16,15,16,6,5/15/2026 15:50,2070,2070
EHSD-CS0001485,FALSE,,T1 - Contra Costa - CalSAWS Help Desk,1,New,5/15/2026 15:22,15,22,6,5/15/2026 16:08,2746,2746
EHSD-CS0001481,TRUE,,T1 - Contra Costa - CalSAWS Help Desk,6,Resolved,5/15/2026 15:49,15,49,6,,,0
EHSD-CS0001486,FALSE,,T1 - Contra Costa - CalSAWS Help Desk,1,New,5/15/2026 15:50,15,50,6,5/15/2026 16:42,3101,3101
EHSD-CS0001485,FALSE,,T1 - Contra Costa - CalSAWS Help Desk,2,Work in Progress,5/15/2026 16:08,16,8,6,5/15/2026 16:08,20,20
EHSD-CS0001485,TRUE,,T1 - Contra Costa - CalSAWS Help Desk,18,Awaiting Info,5/15/2026 16:08,16,8,6,,,0
EHSD-CS0001486,FALSE,,T1 - Contra Costa - CalSAWS Help Desk,18,Awaiting Info,5/15/2026 16:42,16,42,6,5/19/2026 9:35,319988,319988
EHSD-CS0001365,TRUE,,T1 - Contra Costa - Contact Center,3,Closed,5/15/2026 23:30,23,30,6,,,0
EHSD-CS0001356,TRUE,,T1 - Contra Costa - CalSAWS Management Office,3,Closed,5/15/2026 23:30,23,30,6,,,0
EHSD-CS0001487,FALSE,,T1 - Contra Costa - CalSAWS Help Desk,1,New,5/16/2026 7:33,7,33,7,5/18/2026 8:44,177062,177062
EHSD-CS0001370,TRUE,,T1 - Contra Costa - CalSAWS Help Desk,3,Closed,5/16/2026 23:30,23,30,7,,,0
EHSD-CS0001487,FALSE,,T1 - Contra Costa - CalSAWS Help Desk,1,New,5/18/2026 8:44,8,44,2,5/18/2026 8:46,96,96
EHSD-CS0001487,FALSE,,T1 - Contra Costa - CalSAWS Help Desk,1,New,5/18/2026 8:46,8,46,2,5/18/2026 13:26,16814,16814
EHSD-CS0001488,FALSE,,T1 - Contra Costa - CalSAWS Help Desk,1,New,5/18/2026 9:04,9,4,2,5/18/2026 9:18,824,824
EHSD-CS0001489,FALSE,,T1 - Contra Costa - CalSAWS Help Desk,1,New,5/18/2026 9:16,9,16,2,5/18/2026 9:26,632,632
EHSD-CS0001488,FALSE,,T1 - Contra Costa - CalSAWS Help Desk,1,New,5/18/2026 9:18,9,18,2,5/18/2026 9:24,400,400
EHSD-CS0001490,FALSE,,T1 - Contra Costa - CalSAWS Help Desk,1,New,5/18/2026 9:19,9,19,2,5/18/2026 9:45,1527,1527
EHSD-CS0001491,FALSE,,T1 - Contra Costa - CalSAWS Help Desk,1,New,5/18/2026 9:20,9,20,2,5/18/2026 9:52,1966,1966
EHSD-CS0001488,FALSE,,T1 - Contra Costa - CalSAWS Help Desk,1,New,5/18/2026 9:24,9,24,2,5/19/2026 16:17,111153,111153
EHSD-CS0001489,TRUE,,T1 - Contra Costa - EHSD IT Help Desk,1,New,5/18/2026 9:26,9,26,2,,,0
EHSD-CS0001492,FALSE,,T1 - Contra Costa - CalSAWS Help Desk,1,New,5/18/2026 9:28,9,28,2,5/18/2026 10:14,2771,2771
EHSD-CS0001493,FALSE,,T1 - Contra Costa - CalSAWS Help Desk,1,New,5/18/2026 9:31,9,31,2,5/18/2026 10:21,3010,3010
EHSD-CS0001490,TRUE,,T1 - Contra Costa - EHSD IT Help Desk,1,New,5/18/2026 9:45,9,45,2,,,0
EHSD-CS0001491,FALSE,,T1 - Contra Costa - CalSAWS Help Desk,1,New,5/18/2026 9:52,9,52,2,5/18/2026 15:19,19567,19567
EHSD-CS0001494,FALSE,,T1 - Contra Costa - CalSAWS Help Desk,1,New,5/18/2026 9:54,9,54,2,5/18/2026 10:28,2039,2039
EHSD-CS0001495,FALSE,,T1 - Contra Costa - CalSAWS Help Desk,1,New,5/18/2026 10:01,10,1,2,5/18/2026 11:02,3693,3693
EHSD-CS0001492,FALSE,,T1 - Contra Costa - CalSAWS Help Desk,1,New,5/18/2026 10:14,10,14,2,5/18/2026 10:34,1155,1155
EHSD-CS0001493,TRUE,,T1 - Contra Costa - EHSD IT Help Desk,1,New,5/18/2026 10:21,10,21,2,,,0
EHSD-CS0001494,FALSE,,T1 - Contra Costa - CalSAWS Help Desk,1,New,5/18/2026 10:28,10,28,2,5/18/2026 12:12,6267,6267
EHSD-CS0001492,FALSE,,T1 - Contra Costa - CalSAWS Help Desk,10,Open,5/18/2026 10:34,10,34,2,5/18/2026 10:41,429,429
EHSD-CS0001492,FALSE,,T1 - Contra Costa - CalSAWS Help Desk,-5,Pending,5/18/2026 10:41,10,41,2,5/18/2026 13:56,11705,11705
EHSD-CS0001495,FALSE,,T1 - Contra Costa - CalSAWS Help Desk,1,New,5/18/2026 11:02,11,2,2,5/19/2026 16:06,104614,104614
EHSD-CS0001496,FALSE,,T1 - Contra Costa - CalSAWS Help Desk,1,New,5/18/2026 11:33,11,33,2,5/18/2026 11:49,980,980
EHSD-CS0001497,FALSE,,T1 - Contra Costa - CalSAWS Help Desk,1,New,5/18/2026 11:38,11,38,2,5/18/2026 12:02,1465,1465
EHSD-CS0001449,TRUE,,T1 - Contra Costa - CalSAWS Help Desk,6,Resolved,5/18/2026 11:39,11,39,2,,,0
EHSD-CS0001498,FALSE,,T1 - Contra Costa - CalSAWS Help Desk,1,New,5/18/2026 11:45,11,45,2,5/18/2026 12:23,2296,2296
EHSD-CS0001496,FALSE,,T1 - Contra Costa - CalSAWS Help Desk,1,New,5/18/2026 11:49,11,49,2,5/18/2026 11:51,115,115
EHSD-CS0001496,FALSE,,T1 - Contra Costa - CalSAWS Help Desk,1,New,5/18/2026 11:51,11,51,2,5/19/2026 11:06,83697,83697
EHSD-CS0001499,FALSE,,T1 - Contra Costa - CalSAWS Help Desk,1,New,5/18/2026 11:56,11,56,2,5/18/2026 12:34,2313,2313
EHSD-CS0001497,FALSE,,T1 - Contra Costa - CalSAWS Help Desk,1,New,5/18/2026 12:02,12,2,2,5/18/2026 15:29,12412,12412
EHSD-CS0001500,FALSE,,T1 - Contra Costa - CalSAWS Help Desk,1,New,5/18/2026 12:11,12,11,2,5/18/2026 13:14,3800,3800
EHSD-CS0001494,TRUE,,T1 - Contra Costa - CalSAWS Help Desk,6,Resolved,5/18/2026 12:12,12,12,2,,,0
EHSD-CS0001498,FALSE,,T1 - Contra Costa - CalSAWS Help Desk,1,New,5/18/2026 12:23,12,23,2,5/18/2026 14:34,7840,7840
EHSD-CS0001499,FALSE,,T1 - Contra Costa - CalSAWS Help Desk,1,New,5/18/2026 12:34,12,34,2,5/18/2026 12:49,877,877
EHSD-CS0001499,FALSE,,T1 - Contra Costa - CalSAWS Management Office,1,New,5/18/2026 12:49,12,49,2,5/18/2026 12:54,327,327
EHSD-CS0001499,FALSE,,T1 - Contra Costa - CalSAWS Management Office,-5,Pending,5/18/2026 12:54,12,54,2,5/18/2026 13:56,3708,3708
EHSD-CS0001500,TRUE,,T1 - Contra Costa - CalSAWS Help Desk,1,New,5/18/2026 13:14,13,14,2,,,0
EHSD-CS0001487,TRUE,,T1 - Contra Costa - CalSAWS Help Desk,6,Resolved,5/18/2026 13:26,13,26,2,,,0
EHSD-CS0001501,FALSE,,T1 - Contra Costa - CalSAWS Help Desk,1,New,5/18/2026 13:32,13,32,2,5/18/2026 13:44,732,732
EHSD-CS0001501,FALSE,,T1 - Contra Costa - CalSAWS Help Desk,1,New,5/18/2026 13:44,13,44,2,5/18/2026 13:54,614,614
EHSD-CS0001501,FALSE,,T1 - Contra Costa - CalSAWS Help Desk,10,Open,5/18/2026 13:54,13,54,2,5/18/2026 14:37,2574,2574
EHSD-CS0001492,FALSE,,T1 - Contra Costa - CalSAWS Help Desk,20,Diagnosed,5/18/2026 13:56,13,56,2,5/19/2026 21:08,112329,112329
EHSD-CS0001499,FALSE,,T1 - Contra Costa - CalSAWS Management Office,20,Diagnosed,5/18/2026 13:56,13,56,2,5/19/2026 21:08,112327,112327
EHSD-CS0001502,FALSE,,T1 - Contra Costa - CalSAWS Help Desk,1,New,5/18/2026 14:16,14,16,2,5/18/2026 14:28,743,743
EHSD-CS0001502,FALSE,,T1 - Contra Costa - CalSAWS Help Desk,1,New,5/18/2026 14:28,14,28,2,5/18/2026 15:29,3638,3638
EHSD-CS0001498,TRUE,,T1 - Contra Costa - CalSAWS Help Desk,6,Resolved,5/18/2026 14:34,14,34,2,,,0
EHSD-CS0001501,FALSE,,T1 - Contra Costa - CalSAWS Help Desk,-5,Pending,5/18/2026 14:37,14,37,2,5/18/2026 15:03,1536,1536
EHSD-CS0001501,FALSE,,T1 - Contra Costa - CalSAWS Help Desk,20,Diagnosed,5/18/2026 15:03,15,3,2,5/19/2026 21:08,108311,108311
EHSD-CS0001491,TRUE,,T1 - Contra Costa - CalSAWS Help Desk,6,Resolved,5/18/2026 15:19,15,19,2,,,0
EHSD-CS0001503,FALSE,,T1 - Contra Costa - CalSAWS Help Desk,1,New,5/18/2026 15:25,15,25,2,5/18/2026 15:52,1652,1652
EHSD-CS0001502,FALSE,,T1 - Contra Costa - CalSAWS Help Desk,18,Awaiting Info,5/18/2026 15:29,15,29,2,5/19/2026 7:47,58706,58706
EHSD-CS0001497,FALSE,,T1 - Contra Costa - CalSAWS Help Desk,18,Awaiting Info,5/18/2026 15:29,15,29,2,5/19/2026 13:30,79270,79270
EHSD-CS0001503,FALSE,,T1 - Contra Costa - CalSAWS Management Office,1,New,5/18/2026 15:52,15,52,2,5/20/2026 12:55,162144,162144
EHSD-CS0001504,FALSE,,T1 - Contra Costa - CalSAWS Help Desk,1,New,5/18/2026 16:02,16,2,2,5/18/2026 16:13,692,692
EHSD-CS0001504,FALSE,,T1 - Contra Costa - CalSAWS Help Desk,1,New,5/18/2026 16:13,16,13,2,5/18/2026 16:28,914,914
EHSD-CS0001505,FALSE,,T1 - Contra Costa - CalSAWS Help Desk,1,New,5/18/2026 16:22,16,22,2,5/18/2026 16:34,719,719
EHSD-CS0001504,TRUE,,T1 - Contra Costa - CalSAWS Help Desk,6,Resolved,5/18/2026 16:28,16,28,2,,,0
EHSD-CS0001505,FALSE,,T1 - Contra Costa - CalSAWS Help Desk,1,New,5/18/2026 16:34,16,34,2,5/20/2026 9:48,148387,148387
EHSD-CS0001506,FALSE,,T1 - Contra Costa - CalSAWS Help Desk,1,New,5/18/2026 17:18,17,18,2,5/19/2026 8:28,54637,54637
EHSD-CS0001502,TRUE,,T1 - Contra Costa - CalSAWS Help Desk,6,Resolved,5/19/2026 7:47,7,47,3,,,0
EHSD-CS0001507,FALSE,,T1 - Contra Costa - CalSAWS Help Desk,1,New,5/19/2026 8:05,8,5,3,5/19/2026 8:43,2280,2280
EHSD-CS0001506,FALSE,,T1 - Contra Costa - CalSAWS Help Desk,1,New,5/19/2026 8:28,8,28,3,5/19/2026 8:35,385,385
EHSD-CS0001506,FALSE,,T1 - Contra Costa - CalSAWS Help Desk,10,Open,5/19/2026 8:35,8,35,3,5/19/2026 11:18,9826,9826
EHSD-CS0001507,FALSE,,Contra Costa - Delegated Admin,1,New,5/19/2026 8:43,8,43,3,5/19/2026 9:34,3077,3077
EHSD-CS0001451,TRUE,,T1 - Contra Costa - CalSAWS Help Desk,6,Resolved,5/19/2026 8:55,8,55,3,,,0
EHSD-CS0001508,FALSE,,T1 - Contra Costa - CalSAWS Help Desk,1,New,5/19/2026 8:59,8,59,3,5/19/2026 9:21,1329,1329
EHSD-CS0001508,FALSE,,T1 - Contra Costa - CalSAWS Help Desk,1,New,5/19/2026 9:21,9,21,3,5/19/2026 9:50,1710,1710
EHSD-CS0001507,TRUE,,Contra Costa - Delegated Admin,6,Resolved,5/19/2026 9:34,9,34,3,,,0
EHSD-CS0001486,TRUE,,T1 - Contra Costa - CalSAWS Help Desk,6,Resolved,5/19/2026 9:35,9,35,3,,,0
EHSD-CS0001469,TRUE,,T1 - Contra Costa - CalSAWS Help Desk,6,Resolved,5/19/2026 9:40,9,40,3,,,0
EHSD-CS0001508,TRUE,,T1 - Contra Costa - CalSAWS Help Desk,6,Resolved,5/19/2026 9:50,9,50,3,,,0
EHSD-CS0001509,FALSE,,T1 - Contra Costa - CalSAWS Help Desk,1,New,5/19/2026 10:01,10,1,3,5/19/2026 10:13,706,706
EHSD-CS0001510,FALSE,,T1 - Contra Costa - CalSAWS Help Desk,1,New,5/19/2026 10:03,10,3,3,5/19/2026 10:22,1153,1153
EHSD-CS0001509,FALSE,,T1 - Contra Costa - CalSAWS Help Desk,1,New,5/19/2026 10:13,10,13,3,5/19/2026 11:28,4495,4495
EHSD-CS0001510,FALSE,,Contra Costa - Delegated Admin,1,New,5/19/2026 10:22,10,22,3,5/19/2026 10:51,1722,1722
EHSD-CS0001511,FALSE,,T1 - Contra Costa - CalSAWS Help Desk,1,New,5/19/2026 10:47,10,47,3,5/19/2026 10:58,657,657
EHSD-CS0001510,TRUE,,Contra Costa - Delegated Admin,6,Resolved,5/19/2026 10:51,10,51,3,,,0
EHSD-CS0001511,FALSE,,T1 - Contra Costa - CalSAWS Help Desk,1,New,5/19/2026 10:58,10,58,3,5/20/2026 9:09,79809,79809
EHSD-CS0001496,FALSE,,T1 - Contra Costa - CalSAWS Help Desk,18,Awaiting Info,5/19/2026 11:06,11,6,3,5/19/2026 11:27,1258,1258
EHSD-CS0001506,TRUE,,T1 - Contra Costa - CalSAWS Help Desk,10,Open,5/19/2026 11:18,11,18,3,,,0
EHSD-CS0001404,FALSE,,T1 - Contra Costa - CalSAWS Management Office,-5,Pending,5/19/2026 11:22,11,22,3,5/19/2026 14:32,11378,11378
EHSD-CS0001496,TRUE,,T1 - Contra Costa - CalSAWS Help Desk,6,Resolved,5/19/2026 11:27,11,27,3,,,0
EHSD-CS0001509,TRUE,,T1 - Contra Costa - CalSAWS Help Desk,6,Resolved,5/19/2026 11:28,11,28,3,,,0
EHSD-CS0001512,FALSE,,T1 - Contra Costa - CalSAWS Help Desk,1,New,5/19/2026 11:28,11,28,3,5/19/2026 11:44,956,956
EHSD-CS0001513,FALSE,,T1 - Contra Costa - CalSAWS Help Desk,1,New,5/19/2026 11:38,11,38,3,5/19/2026 11:52,816,816
EHSD-CS0001512,FALSE,,T1 - Contra Costa - CalSAWS Help Desk,1,New,5/19/2026 11:44,11,44,3,5/19/2026 12:56,4282,4282
EHSD-CS0001513,FALSE,,T1 - Contra Costa - CalSAWS Help Desk,1,New,5/19/2026 11:52,11,52,3,5/19/2026 16:53,18066,18066
EHSD-CS0001514,FALSE,,T1 - Contra Costa - CalSAWS Help Desk,1,New,5/19/2026 12:05,12,5,3,5/19/2026 13:03,3466,3466
EHSD-CS0001512,TRUE,,T1 - Contra Costa - CalSAWS Help Desk,6,Resolved,5/19/2026 12:56,12,56,3,,,0
EHSD-CS0001514,TRUE,,T1 - Contra Costa - CalSAWS Management Office,1,New,5/19/2026 13:03,13,3,3,,,0
EHSD-CS0001381,TRUE,,T1 - Contra Costa - CalSAWS Help Desk,6,Resolved,5/19/2026 13:24,13,24,3,,,0
EHSD-CS0001378,TRUE,,T1 - Contra Costa - CalSAWS Help Desk,6,Resolved,5/19/2026 13:26,13,26,3,,,0
EHSD-CS0001497,FALSE,,T1 - Contra Costa - CalSAWS Management Office,10,Open,5/19/2026 13:30,13,30,3,5/19/2026 13:50,1163,1163
EHSD-CS0001515,FALSE,,T1 - Contra Costa - CalSAWS Help Desk,1,New,5/19/2026 13:45,13,45,3,5/19/2026 14:01,929,929
EHSD-CS0001497,FALSE,,T1 - Contra Costa - CalSAWS Management Office,-5,Pending,5/19/2026 13:50,13,50,3,5/19/2026 14:01,685,685
EHSD-CS0001516,FALSE,,T1 - Contra Costa - CalSAWS Help Desk,1,New,5/19/2026 13:50,13,50,3,5/19/2026 14:08,1076,1076
EHSD-CS0001517,FALSE,,T1 - Contra Costa - CalSAWS Help Desk,1,New,5/19/2026 14:00,14,0,3,5/19/2026 14:20,1228,1228
EHSD-CS0001515,FALSE,,T1 - Contra Costa - CalSAWS Help Desk,1,New,5/19/2026 14:01,14,1,3,5/19/2026 14:37,2186,2186
EHSD-CS0001497,TRUE,,T1 - Contra Costa - CalSAWS Management Office,20,Diagnosed,5/19/2026 14:01,14,1,3,,,0
EHSD-CS0001475,TRUE,,T1 - Contra Costa - CalSAWS Help Desk,18,Awaiting Info,5/19/2026 14:01,14,1,3,,,0
EHSD-CS0001516,FALSE,,T1 - Contra Costa - CalSAWS Help Desk,1,New,5/19/2026 14:08,14,8,3,5/19/2026 15:47,5975,5975
EHSD-CS0001518,FALSE,,T1 - Contra Costa - CalSAWS Help Desk,1,New,5/19/2026 14:15,14,15,3,5/19/2026 14:28,752,752
EHSD-CS0001517,FALSE,,Contra Costa - Delegated Admin,1,New,5/19/2026 14:20,14,20,3,5/19/2026 15:23,3745,3745
EHSD-CS0001518,TRUE,,T1 - Contra Costa - CalSAWS Help Desk,1,New,5/19/2026 14:28,14,28,3,,,0
EHSD-CS0001404,TRUE,,T1 - Contra Costa - CalSAWS Management Office,6,Resolved,5/19/2026 14:32,14,32,3,,,0
EHSD-CS0001515,FALSE,,Contra Costa - Delegated Admin,1,New,5/19/2026 14:37,14,37,3,5/19/2026 15:39,3692,3692
EHSD-CS0001519,FALSE,,T1 - Contra Costa - CalSAWS Help Desk,1,New,5/19/2026 14:51,14,51,3,5/19/2026 15:02,662,662
EHSD-CS0001519,TRUE,,T1 - Contra Costa - CalSAWS Help Desk,1,New,5/19/2026 15:02,15,2,3,,,0
EHSD-CS0001520,FALSE,,T1 - Contra Costa - CalSAWS Help Desk,1,New,5/19/2026 15:02,15,2,3,5/19/2026 15:13,686,686
EHSD-CS0001520,FALSE,,T1 - Contra Costa - CalSAWS Help Desk,1,New,5/19/2026 15:13,15,13,3,5/19/2026 15:48,2080,2080
EHSD-CS0001521,FALSE,,T1 - Contra Costa - CalSAWS Help Desk,1,New,5/19/2026 15:21,15,21,3,5/19/2026 15:25,238,238
EHSD-CS0001517,TRUE,,Contra Costa - Delegated Admin,6,Resolved,5/19/2026 15:23,15,23,3,,,0
EHSD-CS0001521,FALSE,,T1 - Contra Costa - CalSAWS Help Desk,1,New,5/19/2026 15:25,15,25,3,5/19/2026 16:19,3232,3232
EHSD-CS0001515,TRUE,,Contra Costa - Delegated Admin,6,Resolved,5/19/2026 15:39,15,39,3,,,0
EHSD-CS0001480,TRUE,,T1 - Contra Costa - CalSAWS Help Desk,6,Resolved,5/19/2026 15:39,15,39,3,,,0
EHSD-CS0001484,TRUE,,T1 - Contra Costa - CalSAWS Management Office,1,New,5/19/2026 15:47,15,47,3,,,0
EHSD-CS0001516,TRUE,,T1 - Contra Costa - CalSAWS Help Desk,6,Resolved,5/19/2026 15:47,15,47,3,,,0
EHSD-CS0001520,FALSE,,T1 - Contra Costa - CalSAWS Help Desk,18,Awaiting Info,5/19/2026 15:48,15,48,3,5/20/2026 7:59,58238,58238
EHSD-CS0001495,TRUE,,T1 - Contra Costa - CalSAWS Help Desk,6,Resolved,5/19/2026 16:06,16,6,3,,,0
EHSD-CS0001522,FALSE,,T1 - Contra Costa - CalSAWS Help Desk,1,New,5/19/2026 16:09,16,9,3,5/19/2026 16:19,618,618
EHSD-CS0001488,FALSE,,T1 - Contra Costa - CalSAWS Management Office,1,New,5/19/2026 16:17,16,17,3,5/19/2026 16:37,1179,1179
EHSD-CS0001522,TRUE,,T1 - Contra Costa - CalSAWS Help Desk,1,New,5/19/2026 16:19,16,19,3,,,0
EHSD-CS0001521,TRUE,,T1 - Contra Costa - CalSAWS Help Desk,6,Resolved,5/19/2026 16:19,16,19,3,,,0
EHSD-CS0001523,FALSE,,T1 - Contra Costa - CalSAWS Help Desk,1,New,5/19/2026 16:25,16,25,3,5/19/2026 16:33,432,432
EHSD-CS0001524,FALSE,,T1 - Contra Costa - CalSAWS Help Desk,1,New,5/19/2026 16:27,16,27,3,5/19/2026 16:39,738,738
EHSD-CS0001523,FALSE,,T1 - Contra Costa - CalSAWS Help Desk,1,New,5/19/2026 16:33,16,33,3,5/19/2026 16:58,1501,1501
EHSD-CS0001488,FALSE,,T1 - Contra Costa - CalSAWS Management Office,-5,Pending,5/19/2026 16:37,16,37,3,5/20/2026 9:25,60500,60500
EHSD-CS0001524,FALSE,,T1 - Contra Costa - CalSAWS Help Desk,1,New,5/19/2026 16:39,16,39,3,5/20/2026 9:03,59013,59013
EHSD-CS0001513,TRUE,,T1 - Contra Costa - CalSAWS Help Desk,6,Resolved,5/19/2026 16:53,16,53,3,,,0
EHSD-CS0001525,FALSE,,T1 - Contra Costa - CalSAWS Help Desk,1,New,5/19/2026 16:55,16,55,3,5/20/2026 8:37,56509,56509
EHSD-CS0001523,FALSE,,T1 - Contra Costa - CalSAWS Help Desk,10,Open,5/19/2026 16:58,16,58,3,5/20/2026 8:43,56737,56737
EHSD-CS0001501,TRUE,,T1 - Contra Costa - CalSAWS Help Desk,6,Resolved,5/19/2026 21:08,21,8,3,,,0
EHSD-CS0001492,TRUE,,T1 - Contra Costa - CalSAWS Help Desk,6,Resolved,5/19/2026 21:08,21,8,3,,,0
EHSD-CS0001499,TRUE,,T1 - Contra Costa - CalSAWS Management Office,6,Resolved,5/19/2026 21:08,21,8,3,,,0
EHSD-CS0001408,TRUE,,T1 - Contra Costa - CalSAWS Management Office,6,Resolved,5/20/2026 7:54,7,54,4,,,0
EHSD-CS0001520,TRUE,,T1 - Contra Costa - CalSAWS Help Desk,6,Resolved,5/20/2026 7:59,7,59,4,,,0
EHSD-CS0001526,FALSE,,T1 - Contra Costa - CalSAWS Help Desk,1,New,5/20/2026 8:14,8,14,4,5/20/2026 8:44,1762,1762
EHSD-CS0001525,FALSE,,T1 - Contra Costa - CalSAWS Help Desk,1,New,5/20/2026 8:37,8,37,4,5/20/2026 9:18,2472,2472
EHSD-CS0001523,FALSE,,T1 - Contra Costa - CalSAWS Help Desk,-5,Pending,5/20/2026 8:43,8,43,4,5/20/2026 10:46,7384,7384
EHSD-CS0001526,TRUE,,T1 - Contra Costa - EHSD IT Help Desk,1,New,5/20/2026 8:44,8,44,4,,,0
EHSD-CS0001527,FALSE,,T1 - Contra Costa - CalSAWS Help Desk,1,New,5/20/2026 9:00,9,0,4,5/20/2026 9:09,586,586
EHSD-CS0001524,FALSE,,T1 - Contra Costa - CalSAWS Help Desk,18,Awaiting Info,5/20/2026 9:03,9,3,4,5/20/2026 9:16,786,786
EHSD-CS0001511,TRUE,,T1 - Contra Costa - CalSAWS Help Desk,6,Resolved,5/20/2026 9:09,9,9,4,,,0
EHSD-CS0001527,TRUE,,T1 - Contra Costa - CalSAWS Help Desk,1,New,5/20/2026 9:09,9,9,4,,,0
EHSD-CS0001524,TRUE,,T1 - Contra Costa - CalSAWS Help Desk,6,Resolved,5/20/2026 9:16,9,16,4,,,0
EHSD-CS0001525,TRUE,,T1 - Contra Costa - CalSAWS Help Desk,6,Resolved,5/20/2026 9:18,9,18,4,,,0
EHSD-CS0001488,FALSE,,T1 - Contra Costa - CalSAWS Management Office,6,Resolved,5/20/2026 9:25,9,25,4,5/20/2026 11:24,7140,7140
EHSD-CS0001528,FALSE,,T1 - Contra Costa - CalSAWS Help Desk,1,New,5/20/2026 9:36,9,36,4,5/20/2026 9:48,752,752
EHSD-CS0001505,TRUE,,T1 - Contra Costa - CalSAWS Help Desk,2,Work in Progress,5/20/2026 9:48,9,48,4,,,0
EHSD-CS0001528,TRUE,,T1 - Contra Costa - CalSAWS Help Desk,1,New,5/20/2026 9:48,9,48,4,,,0
EHSD-CS0001529,FALSE,,T1 - Contra Costa - CalSAWS Help Desk,1,New,5/20/2026 10:07,10,7,4,5/20/2026 10:18,640,640
EHSD-CS0001529,FALSE,,T1 - Contra Costa - CalSAWS Help Desk,1,New,5/20/2026 10:18,10,18,4,5/20/2026 11:03,2696,2696
EHSD-CS0001523,FALSE,,T1 - Contra Costa - CalSAWS Help Desk,10,Open,5/20/2026 10:46,10,46,4,5/20/2026 16:08,19317,19317
EHSD-CS0001529,FALSE,,T1 - Contra Costa - CalSAWS Help Desk,2,Work in Progress,5/20/2026 11:03,11,3,4,5/20/2026 11:50,2839,2839
EHSD-CS0001530,FALSE,,T1 - Contra Costa - CalSAWS Help Desk,1,New,5/20/2026 11:10,11,10,4,5/20/2026 11:15,348,348
EHSD-CS0001530,FALSE,,T1 - Contra Costa - CalSAWS Help Desk,1,New,5/20/2026 11:15,11,15,4,5/20/2026 12:44,5342,5342
EHSD-CS0001488,FALSE,,T1 - Contra Costa - CalSAWS Management Office,-5,Pending,5/20/2026 11:24,11,24,4,5/20/2026 11:46,1312,1312
EHSD-CS0001531,FALSE,,T1 - Contra Costa - CalSAWS Help Desk,1,New,5/20/2026 11:34,11,34,4,5/20/2026 11:51,977,977
EHSD-CS0001488,TRUE,,T1 - Contra Costa - CalSAWS Management Office,6,Resolved,5/20/2026 11:46,11,46,4,,,0
EHSD-CS0001529,FALSE,,T1 - Contra Costa - CalSAWS Help Desk,18,Awaiting Info,5/20/2026 11:50,11,50,4,5/21/2026 8:22,73907,73907
EHSD-CS0001531,TRUE,,T1 - Contra Costa - CalSAWS Help Desk,1,New,5/20/2026 11:51,11,51,4,,,0
EHSD-CS0001532,FALSE,,T1 - Contra Costa - CalSAWS Help Desk,1,New,5/20/2026 11:54,11,54,4,5/20/2026 12:18,1396,1396
EHSD-CS0001532,FALSE,,Contra Costa - Delegated Admin,1,New,5/20/2026 12:18,12,18,4,5/20/2026 13:51,5574,5574
EHSD-CS0001533,FALSE,,T1 - Contra Costa - CalSAWS Help Desk,1,New,5/20/2026 12:38,12,38,4,5/20/2026 13:03,1509,1509
EHSD-CS0001530,FALSE,,T1 - Contra Costa - CalSAWS Management Office,1,New,5/20/2026 12:44,12,44,4,5/20/2026 13:00,913,913
EHSD-CS0001534,FALSE,,T1 - Contra Costa - CalSAWS Help Desk,1,New,5/20/2026 12:51,12,51,4,5/20/2026 13:09,1070,1070
EHSD-CS0001476,TRUE,,T1 - Contra Costa - CalSAWS Management Office,18,Awaiting Info,5/20/2026 12:54,12,54,4,,,0
EHSD-CS0001503,TRUE,,T1 - Contra Costa - CalSAWS Management Office,18,Awaiting Info,5/20/2026 12:55,12,55,4,,,0
EHSD-CS0001530,FALSE,,T1 - Contra Costa - CalSAWS Help Desk,1,New,5/20/2026 13:00,13,0,4,5/20/2026 14:03,3806,3806
EHSD-CS0001533,TRUE,,T1 - Contra Costa - CalSAWS Help Desk,1,New,5/20/2026 13:03,13,3,4,,,0
EHSD-CS0001534,TRUE,,T1 - Contra Costa - CalSAWS Help Desk,1,New,5/20/2026 13:09,13,9,4,,,0
EHSD-CS0001535,FALSE,,T1 - Contra Costa - CalSAWS Help Desk,1,New,5/20/2026 13:15,13,15,4,5/20/2026 13:27,734,734
EHSD-CS0001535,FALSE,,T1 - Contra Costa - CalSAWS Help Desk,1,New,5/20/2026 13:27,13,27,4,5/20/2026 13:46,1148,1148
EHSD-CS0001535,TRUE,,T1 - Contra Costa - CalSAWS Help Desk,6,Resolved,5/20/2026 13:46,13,46,4,,,0
EHSD-CS0001532,TRUE,,Contra Costa - Delegated Admin,6,Resolved,5/20/2026 13:51,13,51,4,,,0
EHSD-CS0001536,FALSE,,T1 - Contra Costa - CalSAWS Help Desk,1,New,5/20/2026 14:03,14,3,4,5/20/2026 14:17,849,849
EHSD-CS0001530,TRUE,,T1 - Contra Costa - CalHEERS,1,New,5/20/2026 14:03,14,3,4,,,0
EHSD-CS0001536,TRUE,,T1 - Contra Costa - CalSAWS Help Desk,1,New,5/20/2026 14:17,14,17,4,,,0
EHSD-CS0001537,FALSE,,T1 - Contra Costa - CalSAWS Help Desk,1,New,5/20/2026 15:39,15,39,4,5/20/2026 16:01,1347,1347
EHSD-CS0001537,TRUE,,T1 - Contra Costa - CalSAWS Help Desk,1,New,5/20/2026 16:01,16,1,4,,,0
EHSD-CS0001523,TRUE,,T1 - Contra Costa - CalSAWS Help Desk,20,Diagnosed,5/20/2026 16:08,16,8,4,,,0
EHSD-CS0001538,FALSE,,T1 - Contra Costa - CalSAWS Help Desk,1,New,5/20/2026 16:16,16,16,4,5/20/2026 16:28,723,723
EHSD-CS0001539,FALSE,,T1 - Contra Costa - CalSAWS Help Desk,1,New,5/20/2026 16:27,16,27,4,5/20/2026 16:37,577,577
EHSD-CS0001538,TRUE,,T1 - Contra Costa - CalSAWS Help Desk,1,New,5/20/2026 16:28,16,28,4,,,0
EHSD-CS0001539,FALSE,,T1 - Contra Costa - CalSAWS Help Desk,1,New,5/20/2026 16:37,16,37,4,5/20/2026 16:54,1041,1041
EHSD-CS0001540,FALSE,,T1 - Contra Costa - CalSAWS Help Desk,1,New,5/20/2026 16:42,16,42,4,5/20/2026 16:53,680,680
EHSD-CS0001540,TRUE,,T1 - Contra Costa - CalSAWS Help Desk,1,New,5/20/2026 16:53,16,53,4,,,0
EHSD-CS0001539,TRUE,,T1 - Contra Costa - CalSAWS Help Desk,6,Resolved,5/20/2026 16:54,16,54,4,,,0
EHSD-CS0001375,TRUE,,Contra Costa - Delegated Admin,3,Closed,5/20/2026 23:30,23,30,4,,,0
EHSD-CS0001373,TRUE,,Contra Costa - Delegated Admin,3,Closed,5/20/2026 23:30,23,30,4,,,0
EHSD-CS0001384,TRUE,,T1 - Contra Costa - CalSAWS Help Desk,3,Closed,5/20/2026 23:30,23,30,4,,,0
EHSD-CS0001359,TRUE,,Contra Costa - Delegated Admin,3,Closed,5/20/2026 23:30,23,30,4,,,0
EHSD-CS0001371,TRUE,,Contra Costa - Delegated Admin,3,Closed,5/20/2026 23:30,23,30,4,,,0
EHSD-CS0001374,TRUE,,Contra Costa - Delegated Admin,3,Closed,5/20/2026 23:30,23,30,4,,,0
EHSD-CS0001376,TRUE,,Contra Costa - Delegated Admin,3,Closed,5/20/2026 23:30,23,30,4,,,0
EHSD-CS0001380,TRUE,,Contra Costa - Delegated Admin,3,Closed,5/20/2026 23:30,23,30,4,,,0
EHSD-CS0001372,TRUE,,T1 - Contra Costa - CalSAWS Help Desk,3,Closed,5/20/2026 23:30,23,30,4,,,0
EHSD-CS0001541,FALSE,,T1 - Contra Costa - CalSAWS Help Desk,1,New,5/21/2026 7:25,7,25,5,5/21/2026 8:37,4360,4360
EHSD-CS0001542,FALSE,,T1 - Contra Costa - CalSAWS Help Desk,1,New,5/21/2026 8:01,8,1,5,5/21/2026 8:45,2630,2630
EHSD-CS0001529,TRUE,,T1 - Contra Costa - CalSAWS Help Desk,6,Resolved,5/21/2026 8:22,8,22,5,,,0
EHSD-CS0001541,TRUE,,T1 - Contra Costa - CalSAWS Help Desk,1,New,5/21/2026 8:37,8,37,5,,,0
EHSD-CS0001542,TRUE,,T1 - Contra Costa - CalSAWS Help Desk,1,New,5/21/2026 8:45,8,45,5,,,0
EHSD-CS0001543,FALSE,,T1 - Contra Costa - CalSAWS Help Desk,1,New,5/21/2026 8:49,8,49,5,5/21/2026 9:06,998,998
EHSD-CS0001543,FALSE,,T1 - Contra Costa - CalSAWS Help Desk,1,New,5/21/2026 9:06,9,6,5,5/21/2026 9:28,1312,1312
EHSD-CS0001544,TRUE,,T1 - Contra Costa - CalSAWS Help Desk,1,New,5/21/2026 9:21,9,21,5,,,0
EHSD-CS0001400,TRUE,,T1 - Contra Costa - CalSAWS Management Office,6,Resolved,5/21/2026 9:25,9,25,5,,,0
EHSD-CS0001369,TRUE,,T1 - Contra Costa - CalSAWS Management Office,6,Resolved,5/21/2026 9:26,9,26,5,,,0
EHSD-CS0001543,TRUE,,T1 - Contra Costa - CalSAWS Help Desk,6,Resolved,5/21/2026 9:28,9,28,5,,,0
